game_type,name,season,date,game_number,toi,adjgsaa60,season_game_number,coach
regular_season,Marc-Andre.Fleury,20052006,2005-10-10,1,39.9,-0.673661250021902,1,Giles Meloche
regular_season,Marc-Andre.Fleury,20052006,2005-10-14,2,12.4,-5.10703090625088,2,Giles Meloche
regular_season,Marc-Andre.Fleury,20052006,2005-10-15,3,41.5,0.155343066953333,3,Giles Meloche
regular_season,Marc-Andre.Fleury,20052006,2005-11-16,4,33.0,5.34726486159424,4,Giles Meloche
regular_season,Marc-Andre.Fleury,20052006,2005-11-29,5,26.5,0.579927405862577,5,Giles Meloche
regular_season,Marc-Andre.Fleury,20052006,2005-12-01,6,36.7,2.97333106223823,6,Giles Meloche
regular_season,Marc-Andre.Fleury,20052006,2005-12-03,7,31.9,0.73574400793445,7,Giles Meloche
regular_season,Marc-Andre.Fleury,20052006,2005-12-10,8,32.1,-1.23891697535812,8,Giles Meloche
regular_season,Marc-Andre.Fleury,20052006,2005-12-12,9,37.1,2.91249241254903,9,Giles Meloche
regular_season,Marc-Andre.Fleury,20052006,2005-12-13,10,24.3,0.590238268782457,10,Giles Meloche
regular_season,Marc-Andre.Fleury,20052006,2005-12-16,11,30.8,0.352003311514554,11,Giles Meloche
regular_season,Marc-Andre.Fleury,20052006,2005-12-23,12,27.8,1.9787491058897,12,Giles Meloche
regular_season,Marc-Andre.Fleury,20052006,2005-12-27,13,40.0,1.97279148366883,13,Giles Meloche
regular_season,Marc-Andre.Fleury,20052006,2005-12-29,14,37.1,3.46577295488668,14,Giles Meloche
regular_season,Marc-Andre.Fleury,20052006,2005-12-31,15,33.6,0.496642321416949,15,Giles Meloche
regular_season,Marc-Andre.Fleury,20052006,2006-01-06,16,27.9,4.94042402071781,16,Giles Meloche
regular_season,Marc-Andre.Fleury,20052006,2006-01-07,17,31.7,-1.70285852668089,17,Giles Meloche
regular_season,Marc-Andre.Fleury,20052006,2006-01-10,18,44.2,1.22039465305791,18,Giles Meloche
regular_season,Marc-Andre.Fleury,20052006,2006-01-11,19,20.7,-3.21187965744869,19,Giles Meloche
regular_season,Marc-Andre.Fleury,20052006,2006-01-13,20,31.9,1.28972823296079,20,Giles Meloche
regular_season,Marc-Andre.Fleury,20052006,2006-01-15,21,29.8,2.48459057756842,21,Giles Meloche
regular_season,Marc-Andre.Fleury,20052006,2006-01-16,22,29.8,-0.856291375066884,22,Giles Meloche
regular_season,Marc-Andre.Fleury,20052006,2006-01-19,23,40.7,-1.50358396803917,23,Giles Meloche
regular_season,Marc-Andre.Fleury,20052006,2006-01-21,24,37.2,2.05467027216443,24,Giles Meloche
regular_season,Marc-Andre.Fleury,20052006,2006-01-23,25,36.9,-1.09511284046672,25,Giles Meloche
regular_season,Marc-Andre.Fleury,20052006,2006-01-25,26,26.0,3.35324608152898,26,Giles Meloche
regular_season,Marc-Andre.Fleury,20052006,2006-01-28,27,40.7,-1.34513529757285,27,Giles Meloche
regular_season,Marc-Andre.Fleury,20052006,2006-02-01,28,31.9,3.69086127371936,28,Giles Meloche
regular_season,Marc-Andre.Fleury,20052006,2006-02-04,29,33.6,1.66642905693598,29,Giles Meloche
regular_season,Marc-Andre.Fleury,20052006,2006-02-06,30,42.5,2.34973168076263,30,Giles Meloche
regular_season,Marc-Andre.Fleury,20052006,2006-02-08,31,36.4,3.81853093534606,31,Giles Meloche
regular_season,Marc-Andre.Fleury,20052006,2006-02-11,32,33.0,1.55188467203775,32,Giles Meloche
regular_season,Marc-Andre.Fleury,20052006,2006-03-01,33,39.1,-1.14044890535621,33,Giles Meloche
regular_season,Marc-Andre.Fleury,20052006,2006-03-04,34,4.8,-23.9151719353853,34,Giles Meloche
regular_season,Marc-Andre.Fleury,20052006,2006-03-07,35,38.9,-0.557118487550732,35,Giles Meloche
regular_season,Marc-Andre.Fleury,20052006,2006-03-11,37,38.6,-0.613471156968475,36,Giles Meloche
regular_season,Marc-Andre.Fleury,20052006,2006-03-12,38,29.8,2.66946190072363,37,Giles Meloche
regular_season,Marc-Andre.Fleury,20052006,2006-03-16,39,36.2,1.37457335024734,38,Giles Meloche
regular_season,Marc-Andre.Fleury,20052006,2006-03-19,40,40.4,4.33191151345876,39,Giles Meloche
regular_season,Marc-Andre.Fleury,20052006,2006-03-24,42,40.2,-1.3066660795396,40,Giles Meloche
regular_season,Marc-Andre.Fleury,20052006,2006-03-26,43,37.1,-2.13706258606195,41,Giles Meloche
regular_season,Marc-Andre.Fleury,20052006,2006-03-29,44,19.7,-6.91212139217516,42,Giles Meloche
regular_season,Marc-Andre.Fleury,20052006,2006-04-02,45,38.1,2.11807058295448,43,Giles Meloche
regular_season,Marc-Andre.Fleury,20052006,2006-04-05,46,38.2,-0.0233443238194694,44,Giles Meloche
regular_season,Marc-Andre.Fleury,20052006,2006-04-08,47,40.1,0.123534335038841,45,Giles Meloche
regular_season,Marc-Andre.Fleury,20052006,2006-04-13,48,46.4,-0.692384270069785,46,Giles Meloche
regular_season,Marc-Andre.Fleury,20052006,2006-04-17,50,38.3,0.610636218100932,47,Giles Meloche
regular_season,Marc-Andre.Fleury,20052006,2006-04-18,51,20.2,4.15979188403427,48,Giles Meloche
regular_season,Marc-Andre.Fleury,20062007,2006-10-05,52,32.3,3.92357200946014,1,Giles Meloche
regular_season,Marc-Andre.Fleury,20062007,2006-10-07,53,44.1,0.6863938353483,2,Giles Meloche
regular_season,Marc-Andre.Fleury,20062007,2006-10-12,54,30.1,4.32038052437918,3,Giles Meloche
regular_season,Marc-Andre.Fleury,20062007,2006-10-14,55,18.3,-2.73963523669795,4,Giles Meloche
regular_season,Marc-Andre.Fleury,20062007,2006-10-18,56,43.3,1.15502200812396,5,Giles Meloche
regular_season,Marc-Andre.Fleury,20062007,2006-10-19,57,33.3,0.206082802976784,6,Giles Meloche
regular_season,Marc-Andre.Fleury,20062007,2006-10-21,58,24.7,-0.775162995931599,7,Giles Meloche
regular_season,Marc-Andre.Fleury,20062007,2006-10-24,59,38.8,-1.06080616681856,8,Giles Meloche
regular_season,Marc-Andre.Fleury,20062007,2006-10-28,60,40.3,2.46764854449307,9,Giles Meloche
regular_season,Marc-Andre.Fleury,20062007,2006-11-01,61,46.3,0.0534480752099291,10,Giles Meloche
regular_season,Marc-Andre.Fleury,20062007,2006-11-04,62,37.7,1.05567863266964,11,Giles Meloche
regular_season,Marc-Andre.Fleury,20062007,2006-11-08,64,42.2,0.291794365970503,12,Giles Meloche
regular_season,Marc-Andre.Fleury,20062007,2006-11-10,65,38.1,-0.95162809303477,13,Giles Meloche
regular_season,Marc-Andre.Fleury,20062007,2006-11-13,66,35.8,-1.20885257735546,14,Giles Meloche
regular_season,Marc-Andre.Fleury,20062007,2006-11-18,67,33.6,0.791178515542333,15,Giles Meloche
regular_season,Marc-Andre.Fleury,20062007,2006-11-20,68,35.0,2.88663578902501,16,Giles Meloche
regular_season,Marc-Andre.Fleury,20062007,2006-11-22,69,31.1,0.278096342672984,17,Giles Meloche
regular_season,Marc-Andre.Fleury,20062007,2006-11-25,70,35.6,0.459837910733146,18,Giles Meloche
regular_season,Marc-Andre.Fleury,20062007,2006-11-28,71,47.8,2.5166699910648,19,Giles Meloche
regular_season,Marc-Andre.Fleury,20062007,2006-12-01,72,22.0,-7.95722808133273,20,Giles Meloche
regular_season,Marc-Andre.Fleury,20062007,2006-12-02,73,31.7,-1.78623312404772,21,Giles Meloche
regular_season,Marc-Andre.Fleury,20062007,2006-12-07,74,38.0,3.26017349110094,22,Giles Meloche
regular_season,Marc-Andre.Fleury,20062007,2006-12-09,75,39.0,0.23026154707416,23,Giles Meloche
regular_season,Marc-Andre.Fleury,20062007,2006-12-11,76,46.1,0.442721209269247,24,Giles Meloche
regular_season,Marc-Andre.Fleury,20062007,2006-12-13,77,33.9,-3.4506323935365,25,Giles Meloche
regular_season,Marc-Andre.Fleury,20062007,2006-12-19,79,20.2,-3.65819721484556,26,Giles Meloche
regular_season,Marc-Andre.Fleury,20062007,2006-12-26,81,37.7,-1.87110392047759,27,Giles Meloche
regular_season,Marc-Andre.Fleury,20062007,2006-12-27,82,37.0,1.52751371366055,28,Giles Meloche
regular_season,Marc-Andre.Fleury,20062007,2006-12-29,83,32.1,2.73518620042118,29,Giles Meloche
regular_season,Marc-Andre.Fleury,20062007,2007-01-02,84,37.7,2.79109008499905,30,Giles Meloche
regular_season,Marc-Andre.Fleury,20062007,2007-01-05,85,39.2,2.69730303312787,31,Giles Meloche
regular_season,Marc-Andre.Fleury,20062007,2007-01-07,86,43.2,1.03818990893698,32,Giles Meloche
regular_season,Marc-Andre.Fleury,20062007,2007-01-09,87,39.6,0.240197653026586,33,Giles Meloche
regular_season,Marc-Andre.Fleury,20062007,2007-01-13,89,39.8,-0.848473617747545,34,Giles Meloche
regular_season,Marc-Andre.Fleury,20062007,2007-01-16,90,33.4,3.35654646463236,35,Giles Meloche
regular_season,Marc-Andre.Fleury,20062007,2007-01-18,91,47.1,-0.742695841205312,36,Giles Meloche
regular_season,Marc-Andre.Fleury,20062007,2007-01-20,92,27.0,3.76727795567454,37,Giles Meloche
regular_season,Marc-Andre.Fleury,20062007,2007-01-26,93,49.2,0.952828327010219,38,Giles Meloche
regular_season,Marc-Andre.Fleury,20062007,2007-01-30,95,42.4,3.61850734508342,39,Giles Meloche
regular_season,Marc-Andre.Fleury,20062007,2007-02-01,96,37.2,0.463836141253634,40,Giles Meloche
regular_season,Marc-Andre.Fleury,20062007,2007-02-03,97,41.1,3.9481648554011,41,Giles Meloche
regular_season,Marc-Andre.Fleury,20062007,2007-02-06,98,38.5,1.62271807486285,42,Giles Meloche
regular_season,Marc-Andre.Fleury,20062007,2007-02-08,99,39.1,0.634203560210217,43,Giles Meloche
regular_season,Marc-Andre.Fleury,20062007,2007-02-14,101,40.1,-1.01761673725649,44,Giles Meloche
regular_season,Marc-Andre.Fleury,20062007,2007-02-16,102,44.2,-1.51706946675488,45,Giles Meloche
regular_season,Marc-Andre.Fleury,20062007,2007-02-25,103,25.2,0.244319885792763,46,Giles Meloche
regular_season,Marc-Andre.Fleury,20062007,2007-02-27,104,39.4,1.63431640187276,47,Giles Meloche
regular_season,Marc-Andre.Fleury,20062007,2007-03-01,105,40.0,1.9451943802102,48,Giles Meloche
regular_season,Marc-Andre.Fleury,20062007,2007-03-04,107,25.5,-4.62968552320552,49,Giles Meloche
regular_season,Marc-Andre.Fleury,20062007,2007-03-06,108,13.9,-3.05011526717049,50,Giles Meloche
regular_season,Marc-Andre.Fleury,20062007,2007-03-08,109,40.6,0.607541324400373,51,Giles Meloche
regular_season,Marc-Andre.Fleury,20062007,2007-03-10,110,33.3,1.35285365499326,52,Giles Meloche
regular_season,Marc-Andre.Fleury,20062007,2007-03-13,111,49.6,-1.47911203661128,53,Giles Meloche
regular_season,Marc-Andre.Fleury,20062007,2007-03-16,113,46.1,2.22127455510954,54,Giles Meloche
regular_season,Marc-Andre.Fleury,20062007,2007-03-18,114,38.1,0.129793621720727,55,Giles Meloche
regular_season,Marc-Andre.Fleury,20062007,2007-03-22,115,37.7,-0.689785903494899,56,Giles Meloche
regular_season,Marc-Andre.Fleury,20062007,2007-03-25,116,39.0,1.58828254251947,57,Giles Meloche
regular_season,Marc-Andre.Fleury,20062007,2007-03-27,117,43.8,-0.529260030772672,58,Giles Meloche
regular_season,Marc-Andre.Fleury,20062007,2007-03-29,118,44.0,0.104857566109029,59,Giles Meloche
regular_season,Marc-Andre.Fleury,20062007,2007-03-31,119,17.5,2.19208793516213,60,Giles Meloche
regular_season,Marc-Andre.Fleury,20062007,2007-04-03,120,31.2,-4.35298090036691,61,Giles Meloche
regular_season,Marc-Andre.Fleury,20062007,2007-04-05,121,28.4,3.94119272194841,62,Giles Meloche
regular_season,Marc-Andre.Fleury,20062007,2007-04-07,122,36.5,1.20152306382986,63,Giles Meloche
playoff_game,Marc-Andre.Fleury,20062007,2007-04-11,123,33.0,-5.1918109003957,64,Giles Meloche
playoff_game,Marc-Andre.Fleury,20062007,2007-04-14,124,33.3,2.38355397751954,65,Giles Meloche
playoff_game,Marc-Andre.Fleury,20062007,2007-04-15,125,37.1,-2.33721360590046,66,Giles Meloche
playoff_game,Marc-Andre.Fleury,20062007,2007-04-17,126,41.2,1.35309283382371,67,Giles Meloche
playoff_game,Marc-Andre.Fleury,20062007,2007-04-19,127,36.0,-0.311801944148396,68,Giles Meloche
regular_season,Marc-Andre.Fleury,20072008,2007-10-05,128,28.6,-4.4875159367186,1,Giles Meloche
regular_season,Marc-Andre.Fleury,20072008,2007-10-06,129,40.7,0.988609392363095,2,Giles Meloche
regular_season,Marc-Andre.Fleury,20072008,2007-10-10,130,48.9,0.531084922288604,3,Giles Meloche
regular_season,Marc-Andre.Fleury,20072008,2007-10-13,131,19.8,-2.54733943159037,4,Giles Meloche
regular_season,Marc-Andre.Fleury,20072008,2007-10-17,132,39.2,-1.08113862838228,5,Giles Meloche
regular_season,Marc-Andre.Fleury,20072008,2007-10-20,133,45.5,1.33042755927949,6,Giles Meloche
regular_season,Marc-Andre.Fleury,20072008,2007-10-23,134,42.5,2.85222878739668,7,Giles Meloche
regular_season,Marc-Andre.Fleury,20072008,2007-10-25,135,43.6,-2.82794162294636,8,Giles Meloche
regular_season,Marc-Andre.Fleury,20072008,2007-10-27,136,15.4,-2.6481685354553,9,Giles Meloche
regular_season,Marc-Andre.Fleury,20072008,2007-11-03,137,44.7,0.577963555352722,10,Giles Meloche
regular_season,Marc-Andre.Fleury,20072008,2007-11-08,138,40.9,2.50208289522337,11,Giles Meloche
regular_season,Marc-Andre.Fleury,20072008,2007-11-10,139,42.3,1.62986076606793,12,Giles Meloche
regular_season,Marc-Andre.Fleury,20072008,2007-11-15,140,41.7,1.01903446347501,13,Giles Meloche
regular_season,Marc-Andre.Fleury,20072008,2007-11-17,141,46.0,1.98329656301108,14,Giles Meloche
regular_season,Marc-Andre.Fleury,20072008,2007-11-21,142,42.0,2.7489344840284202,15,Giles Meloche
regular_season,Marc-Andre.Fleury,20072008,2007-11-22,143,7.0,-6.33150053344218,16,Giles Meloche
regular_season,Marc-Andre.Fleury,20072008,2007-11-24,144,49.6,2.45846511091753,17,Giles Meloche
regular_season,Marc-Andre.Fleury,20072008,2007-11-30,145,49.5,1.03966911065793,18,Giles Meloche
regular_season,Marc-Andre.Fleury,20072008,2007-12-03,146,38.3,1.28213339249409,19,Giles Meloche
regular_season,Marc-Andre.Fleury,20072008,2007-12-05,147,53.6,-0.429758937412265,20,Giles Meloche
regular_season,Marc-Andre.Fleury,20072008,2007-12-06,148,2.3,0.0,21,Giles Meloche
regular_season,Marc-Andre.Fleury,20072008,2008-02-28,149,26.0,-0.15098287510174,22,Giles Meloche
regular_season,Marc-Andre.Fleury,20072008,2008-03-02,150,46.1,1.6410568941414,23,Giles Meloche
regular_season,Marc-Andre.Fleury,20072008,2008-03-04,151,50.9,3.79701448583279,24,Giles Meloche
regular_season,Marc-Andre.Fleury,20072008,2008-03-06,152,16.3,-4.80108006068805,25,Giles Meloche
regular_season,Marc-Andre.Fleury,20072008,2008-03-09,153,40.0,3.17944984408702,26,Giles Meloche
regular_season,Marc-Andre.Fleury,20072008,2008-03-16,154,45.1,0.510333408905935,27,Giles Meloche
regular_season,Marc-Andre.Fleury,20072008,2008-03-20,155,47.7,0.815282101464219,28,Giles Meloche
regular_season,Marc-Andre.Fleury,20072008,2008-03-22,156,42.0,2.14811437978868,29,Giles Meloche
regular_season,Marc-Andre.Fleury,20072008,2008-03-25,157,48.0,2.72656768257993,30,Giles Meloche
regular_season,Marc-Andre.Fleury,20072008,2008-03-27,158,37.4,1.22728075446603,31,Giles Meloche
regular_season,Marc-Andre.Fleury,20072008,2008-03-30,159,38.1,2.77689561757784,32,Giles Meloche
regular_season,Marc-Andre.Fleury,20072008,2008-03-31,160,45.6,3.65761175527358,33,Giles Meloche
regular_season,Marc-Andre.Fleury,20072008,2008-04-02,161,34.1,2.22911424746317,34,Giles Meloche
regular_season,Marc-Andre.Fleury,20072008,2008-04-06,162,32.7,-0.734631561347298,35,Giles Meloche
playoff_game,Marc-Andre.Fleury,20072008,2008-04-09,163,37.5,2.18320312049671,36,Giles Meloche
playoff_game,Marc-Andre.Fleury,20072008,2008-04-11,164,43.9,0.170915495718628,37,Giles Meloche
playoff_game,Marc-Andre.Fleury,20072008,2008-04-14,165,45.6,1.83648934037621,38,Giles Meloche
playoff_game,Marc-Andre.Fleury,20072008,2008-04-16,166,45.8,0.0816563900155211,39,Giles Meloche
playoff_game,Marc-Andre.Fleury,20072008,2008-04-25,167,45.6,-2.22371412929493,40,Giles Meloche
playoff_game,Marc-Andre.Fleury,20072008,2008-04-27,168,38.0,1.90038399260918,41,Giles Meloche
playoff_game,Marc-Andre.Fleury,20072008,2008-04-29,169,41.7,0.413064464280739,42,Giles Meloche
playoff_game,Marc-Andre.Fleury,20072008,2008-05-01,170,41.9,2.35171805000694,43,Giles Meloche
playoff_game,Marc-Andre.Fleury,20072008,2008-05-04,171,46.6,0.543095453205938,44,Giles Meloche
playoff_game,Marc-Andre.Fleury,20072008,2008-05-09,172,50.9,0.170608772202117,45,Giles Meloche
playoff_game,Marc-Andre.Fleury,20072008,2008-05-11,173,42.3,3.26192526680828,46,Giles Meloche
playoff_game,Marc-Andre.Fleury,20072008,2008-05-13,174,51.7,0.150816067343173,47,Giles Meloche
playoff_game,Marc-Andre.Fleury,20072008,2008-05-15,175,45.8,0.479709480479042,48,Giles Meloche
playoff_game,Marc-Andre.Fleury,20072008,2008-05-18,176,49.7,2.17558227355709,49,Giles Meloche
playoff_game,Marc-Andre.Fleury,20072008,2008-05-24,177,40.4,0.0132290580994227,50,Giles Meloche
playoff_game,Marc-Andre.Fleury,20072008,2008-05-26,178,36.2,-0.597504516326081,51,Giles Meloche
playoff_game,Marc-Andre.Fleury,20072008,2008-05-28,179,45.3,1.92881828375731,52,Giles Meloche
playoff_game,Marc-Andre.Fleury,20072008,2008-05-31,180,41.7,-0.678014467800204,53,Giles Meloche
playoff_game,Marc-Andre.Fleury,20072008,2008-06-02,181,90.9,1.95954890000221,54,Giles Meloche
playoff_game,Marc-Andre.Fleury,20072008,2008-06-04,182,48.1,0.42892622142678,55,Giles Meloche
regular_season,Marc-Andre.Fleury,20082009,2008-10-04,183,38.7,1.1553860006029,1,Giles Meloche
regular_season,Marc-Andre.Fleury,20082009,2008-10-05,184,40.3,0.0182620247018407,2,Giles Meloche
regular_season,Marc-Andre.Fleury,20082009,2008-10-11,185,44.9,1.67716058728666,3,Giles Meloche
regular_season,Marc-Andre.Fleury,20082009,2008-10-14,186,38.1,-1.03089057780165,4,Giles Meloche
regular_season,Marc-Andre.Fleury,20082009,2008-10-16,187,44.3,-3.081709766451,5,Giles Meloche
regular_season,Marc-Andre.Fleury,20082009,2008-10-18,188,42.5,1.82171100074412,6,Giles Meloche
regular_season,Marc-Andre.Fleury,20082009,2008-10-23,189,53.3,1.72798617572212,7,Giles Meloche
regular_season,Marc-Andre.Fleury,20082009,2008-10-25,190,49.5,2.71021045009711,8,Giles Meloche
regular_season,Marc-Andre.Fleury,20082009,2008-10-30,191,47.0,-0.913508915810347,9,Giles Meloche
regular_season,Marc-Andre.Fleury,20082009,2008-11-01,192,41.0,-2.48053019917011,10,Giles Meloche
regular_season,Marc-Andre.Fleury,20082009,2008-11-06,193,39.5,-1.62410953258634,11,Giles Meloche
regular_season,Marc-Andre.Fleury,20082009,2008-11-11,194,43.9,-1.47570642138579,12,Giles Meloche
regular_season,Marc-Andre.Fleury,20082009,2008-11-13,195,23.2,-0.814908533462478,13,Giles Meloche
regular_season,Marc-Andre.Fleury,20082009,2008-11-15,196,40.8,0.569823260177037,14,Giles Meloche
regular_season,Marc-Andre.Fleury,20082009,2008-12-18,197,46.8,0.655955751131576,15,Giles Meloche
regular_season,Marc-Andre.Fleury,20082009,2008-12-20,198,32.2,-1.22634281840541,16,Giles Meloche
regular_season,Marc-Andre.Fleury,20082009,2008-12-22,199,47.1,-0.446108713004908,17,Giles Meloche
regular_season,Marc-Andre.Fleury,20082009,2008-12-23,200,39.0,1.26274283473271,18,Giles Meloche
regular_season,Marc-Andre.Fleury,20082009,2008-12-26,201,39.9,2.92033563934262,19,Giles Meloche
regular_season,Marc-Andre.Fleury,20082009,2008-12-27,202,47.1,-2.22934372866468,20,Giles Meloche
regular_season,Marc-Andre.Fleury,20082009,2008-12-30,203,40.9,0.499756435595375,21,Giles Meloche
regular_season,Marc-Andre.Fleury,20082009,2009-01-03,204,28.9,-4.05133537001761,22,Giles Meloche
regular_season,Marc-Andre.Fleury,20082009,2009-01-05,205,38.0,-0.188674926878585,23,Giles Meloche
regular_season,Marc-Andre.Fleury,20082009,2009-01-06,206,43.9,3.39518344933694,24,Giles Meloche
regular_season,Marc-Andre.Fleury,20082009,2009-01-08,207,49.6,0.347004229701897,25,Giles Meloche
regular_season,Marc-Andre.Fleury,20082009,2009-01-10,208,17.1,1.35174414825585,26,Giles Meloche
regular_season,Marc-Andre.Fleury,20082009,2009-01-13,209,50.8,0.0496082559566562,27,Giles Meloche
regular_season,Marc-Andre.Fleury,20082009,2009-01-14,210,41.8,-0.676609580900763,28,Giles Meloche
regular_season,Marc-Andre.Fleury,20082009,2009-01-16,211,45.2,1.80527905504773,29,Giles Meloche
regular_season,Marc-Andre.Fleury,20082009,2009-01-18,212,46.8,2.97297295528299,30,Giles Meloche
regular_season,Marc-Andre.Fleury,20082009,2009-01-20,213,41.6,1.87881435401705,31,Giles Meloche
regular_season,Marc-Andre.Fleury,20082009,2009-01-28,214,44.5,0.283875539402353,32,Giles Meloche
regular_season,Marc-Andre.Fleury,20082009,2009-01-30,215,43.8,2.11236394496012,33,Giles Meloche
regular_season,Marc-Andre.Fleury,20082009,2009-02-03,216,48.2,-0.979693146479148,34,Giles Meloche
regular_season,Marc-Andre.Fleury,20082009,2009-02-04,217,42.5,-2.42774771726614,35,Giles Meloche
regular_season,Marc-Andre.Fleury,20082009,2009-02-06,218,50.2,2.56038190341988,36,Giles Meloche
regular_season,Marc-Andre.Fleury,20082009,2009-02-08,219,44.7,-0.235093299881422,37,Giles Meloche
regular_season,Marc-Andre.Fleury,20082009,2009-02-11,220,53.8,1.67920246427967,38,Giles Meloche
regular_season,Marc-Andre.Fleury,20082009,2009-02-14,221,45.4,-3.54385843096223,39,Giles Meloche
regular_season,Marc-Andre.Fleury,20082009,2009-02-16,222,53.2,0.856441267909836,40,Giles Meloche
regular_season,Marc-Andre.Fleury,20082009,2009-02-19,223,48.9,-0.77525124861111006,41,Giles Meloche
regular_season,Marc-Andre.Fleury,20082009,2009-02-21,224,44.7,-1.91762614369137,42,Giles Meloche
regular_season,Marc-Andre.Fleury,20082009,2009-02-22,225,20.6,-4.59919411082522,43,Giles Meloche
regular_season,Marc-Andre.Fleury,20082009,2009-02-25,226,45.7,2.9478091818378,44,Giles Meloche
regular_season,Marc-Andre.Fleury,20082009,2009-02-27,227,42.1,2.50303265528079,45,Giles Meloche
regular_season,Marc-Andre.Fleury,20082009,2009-03-01,228,42.7,1.5342822217202,46,Giles Meloche
regular_season,Marc-Andre.Fleury,20082009,2009-03-03,229,49.8,2.17535651451795,47,Giles Meloche
regular_season,Marc-Andre.Fleury,20082009,2009-03-05,230,48.7,2.12431109390742,48,Giles Meloche
regular_season,Marc-Andre.Fleury,20082009,2009-03-08,231,42.2,0.762470828691803,49,Giles Meloche
regular_season,Marc-Andre.Fleury,20082009,2009-03-10,232,44.7,-1.77928815580973,50,Giles Meloche
regular_season,Marc-Andre.Fleury,20082009,2009-03-12,233,42.6,0.255498959434613,51,Giles Meloche
regular_season,Marc-Andre.Fleury,20082009,2009-03-14,234,40.1,-2.61671737128707,52,Giles Meloche
regular_season,Marc-Andre.Fleury,20082009,2009-03-17,235,40.2,-1.37894070812047,53,Giles Meloche
regular_season,Marc-Andre.Fleury,20082009,2009-03-20,236,36.5,1.34245832439838,54,Giles Meloche
regular_season,Marc-Andre.Fleury,20082009,2009-03-22,237,38.3,1.44082080675849,55,Giles Meloche
regular_season,Marc-Andre.Fleury,20082009,2009-03-25,238,42.9,2.86428288991398,56,Giles Meloche
regular_season,Marc-Andre.Fleury,20082009,2009-03-28,239,35.4,-0.643017203031965,57,Giles Meloche
regular_season,Marc-Andre.Fleury,20082009,2009-04-01,240,47.5,0.593669814661491,58,Giles Meloche
regular_season,Marc-Andre.Fleury,20082009,2009-04-04,241,47.9,-0.188541350456435,59,Giles Meloche
regular_season,Marc-Andre.Fleury,20082009,2009-04-05,242,46.6,-1.01250081182647,60,Giles Meloche
regular_season,Marc-Andre.Fleury,20082009,2009-04-07,243,41.1,-0.103485143914722,61,Giles Meloche
regular_season,Marc-Andre.Fleury,20082009,2009-04-11,244,44.1,0.711989904145537,62,Giles Meloche
playoff_game,Marc-Andre.Fleury,20082009,2009-04-15,245,42.9,2.08232130992536,63,Giles Meloche
playoff_game,Marc-Andre.Fleury,20082009,2009-04-17,246,68.6,1.96572658440285,64,Giles Meloche
playoff_game,Marc-Andre.Fleury,20082009,2009-04-19,247,39.1,-3.21021666225883,65,Giles Meloche
playoff_game,Marc-Andre.Fleury,20082009,2009-04-21,248,37.1,2.0158113919537,66,Giles Meloche
playoff_game,Marc-Andre.Fleury,20082009,2009-04-23,249,44.3,-2.3744264172819,67,Giles Meloche
playoff_game,Marc-Andre.Fleury,20082009,2009-04-25,250,46.9,0.276413454268373,68,Giles Meloche
playoff_game,Marc-Andre.Fleury,20082009,2009-05-02,251,45.5,-0.578458992053637,69,Giles Meloche
playoff_game,Marc-Andre.Fleury,20082009,2009-05-04,252,42.4,-0.652148469810769,70,Giles Meloche
playoff_game,Marc-Andre.Fleury,20082009,2009-05-06,253,56.3,0.468499192897429,71,Giles Meloche
playoff_game,Marc-Andre.Fleury,20082009,2009-05-08,254,38.5,-0.649739746229448,72,Giles Meloche
playoff_game,Marc-Andre.Fleury,20082009,2009-05-09,255,56.8,-0.0397498568551083,73,Giles Meloche
playoff_game,Marc-Andre.Fleury,20082009,2009-05-11,256,54.9,-2.19301108203812,74,Giles Meloche
playoff_game,Marc-Andre.Fleury,20082009,2009-05-13,257,53.5,-0.878689755549231,75,Giles Meloche
playoff_game,Marc-Andre.Fleury,20082009,2009-05-18,258,48.2,0.92050137769445906,76,Giles Meloche
playoff_game,Marc-Andre.Fleury,20082009,2009-05-21,259,43.2,-3.0170378378581,77,Giles Meloche
playoff_game,Marc-Andre.Fleury,20082009,2009-05-23,260,49.9,0.127269004823063,78,Giles Meloche
playoff_game,Marc-Andre.Fleury,20082009,2009-05-26,261,42.5,1.71916950312756,79,Giles Meloche
playoff_game,Marc-Andre.Fleury,20082009,2009-05-30,262,51.8,-1.82787722794897,80,Giles Meloche
playoff_game,Marc-Andre.Fleury,20082009,2009-05-31,263,55.6,-0.866339514284,81,Giles Meloche
playoff_game,Marc-Andre.Fleury,20082009,2009-06-02,264,51.4,0.763280905801427,82,Giles Meloche
playoff_game,Marc-Andre.Fleury,20082009,2009-06-04,265,47.7,1.39823889222495,83,Giles Meloche
playoff_game,Marc-Andre.Fleury,20082009,2009-06-06,266,27.7,-2.11412028921824,84,Giles Meloche
playoff_game,Marc-Andre.Fleury,20082009,2009-06-09,267,50.9,1.24912857309391,85,Giles Meloche
playoff_game,Marc-Andre.Fleury,20082009,2009-06-12,268,50.9,0.986134339655617,86,Giles Meloche
regular_season,Marc-Andre.Fleury,20092010,2009-10-02,269,47.6,-0.639978987457147,1,Giles Meloche
regular_season,Marc-Andre.Fleury,20092010,2009-10-03,270,45.1,2.02205003810527,2,Giles Meloche
regular_season,Marc-Andre.Fleury,20092010,2009-10-08,271,41.2,0.994625129114017,3,Giles Meloche
regular_season,Marc-Andre.Fleury,20092010,2009-10-10,272,48.6,-0.626810695534161,4,Giles Meloche
regular_season,Marc-Andre.Fleury,20092010,2009-10-12,273,43.1,1.27222871417839,5,Giles Meloche
regular_season,Marc-Andre.Fleury,20092010,2009-10-17,274,36.5,2.24120846177436,6,Giles Meloche
regular_season,Marc-Andre.Fleury,20092010,2009-10-20,275,48.3,0.372008032654122,7,Giles Meloche
regular_season,Marc-Andre.Fleury,20092010,2009-10-24,276,47.9,-1.73336335512364,8,Giles Meloche
regular_season,Marc-Andre.Fleury,20092010,2009-10-28,277,44.6,1.95384799529328,9,Giles Meloche
regular_season,Marc-Andre.Fleury,20092010,2009-10-31,278,46.8,-1.30418631058097,10,Giles Meloche
regular_season,Marc-Andre.Fleury,20092010,2009-11-03,279,44.8,-1.26109330965314,11,Giles Meloche
regular_season,Marc-Andre.Fleury,20092010,2009-11-05,280,47.5,-1.56768290706526,12,Giles Meloche
regular_season,Marc-Andre.Fleury,20092010,2009-11-07,281,15.3,0.0459358290953538,13,Giles Meloche
regular_season,Marc-Andre.Fleury,20092010,2009-11-10,282,55.3,0.797047976701917,14,Giles Meloche
regular_season,Marc-Andre.Fleury,20092010,2009-11-12,283,47.9,-0.417403978058982,15,Giles Meloche
regular_season,Marc-Andre.Fleury,20092010,2009-11-16,284,40.1,0.96491434607861,16,Giles Meloche
regular_season,Marc-Andre.Fleury,20092010,2009-11-19,285,36.6,-3.13895354780055,17,Giles Meloche
regular_season,Marc-Andre.Fleury,20092010,2009-11-21,286,45.9,2.30233099129359,18,Giles Meloche
regular_season,Marc-Andre.Fleury,20092010,2009-11-23,287,47.0,-0.883955512522224,19,Giles Meloche
regular_season,Marc-Andre.Fleury,20092010,2009-11-25,288,53.6,0.392164359529196,20,Giles Meloche
regular_season,Marc-Andre.Fleury,20092010,2009-11-28,289,39.5,-0.884231751918164,21,Giles Meloche
regular_season,Marc-Andre.Fleury,20092010,2009-11-30,290,46.9,1.58433902549168,22,Giles Meloche
regular_season,Marc-Andre.Fleury,20092010,2009-12-03,291,47.4,1.57293924993143,23,Giles Meloche
regular_season,Marc-Andre.Fleury,20092010,2009-12-05,292,50.7,2.14420999332886,24,Giles Meloche
regular_season,Marc-Andre.Fleury,20092010,2009-12-07,293,44.9,0.120932381568183,25,Giles Meloche
regular_season,Marc-Andre.Fleury,20092010,2009-12-10,294,47.2,0.360452322899258,26,Giles Meloche
regular_season,Marc-Andre.Fleury,20092010,2009-12-15,295,42.6,0.960853972322766,27,Giles Meloche
regular_season,Marc-Andre.Fleury,20092010,2009-12-17,296,46.6,1.6327751045251,28,Giles Meloche
regular_season,Marc-Andre.Fleury,20092010,2009-12-19,297,36.8,1.83497954591394,29,Giles Meloche
regular_season,Marc-Andre.Fleury,20092010,2009-12-21,298,23.4,-4.89813299855283,30,Giles Meloche
regular_season,Marc-Andre.Fleury,20092010,2009-12-23,299,37.5,2.2698405839408,31,Giles Meloche
regular_season,Marc-Andre.Fleury,20092010,2009-12-27,300,50.0,-0.595203632356026,32,Giles Meloche
regular_season,Marc-Andre.Fleury,20092010,2009-12-29,301,48.0,-0.688102470047284,33,Giles Meloche
regular_season,Marc-Andre.Fleury,20092010,2010-01-02,302,43.7,0.225202423289528,34,Giles Meloche
regular_season,Marc-Andre.Fleury,20092010,2010-01-03,303,50.1,-2.58709639290509,35,Giles Meloche
regular_season,Marc-Andre.Fleury,20092010,2010-01-07,304,17.2,-3.53127459799137,36,Giles Meloche
regular_season,Marc-Andre.Fleury,20092010,2010-01-09,305,48.1,3.29525768635546,37,Giles Meloche
regular_season,Marc-Andre.Fleury,20092010,2010-01-11,306,40.5,-4.31151388064534,38,Giles Meloche
regular_season,Marc-Andre.Fleury,20092010,2010-01-13,307,42.3,4.38134788182973,39,Giles Meloche
regular_season,Marc-Andre.Fleury,20092010,2010-01-14,308,47.3,2.56041522453657,40,Giles Meloche
regular_season,Marc-Andre.Fleury,20092010,2010-01-25,309,48.6,-0.0570280413981884,41,Giles Meloche
regular_season,Marc-Andre.Fleury,20092010,2010-01-28,310,49.2,-1.27237852966671,42,Giles Meloche
regular_season,Marc-Andre.Fleury,20092010,2010-01-31,311,46.5,0.171337077964448,43,Giles Meloche
regular_season,Marc-Andre.Fleury,20092010,2010-02-01,312,43.7,-1.22365142208841,44,Giles Meloche
regular_season,Marc-Andre.Fleury,20092010,2010-02-06,313,37.0,-2.15690659093248,45,Giles Meloche
regular_season,Marc-Andre.Fleury,20092010,2010-02-07,314,42.5,-2.29395465788416,46,Giles Meloche
regular_season,Marc-Andre.Fleury,20092010,2010-02-10,315,48.5,1.91776105893207,47,Giles Meloche
regular_season,Marc-Andre.Fleury,20092010,2010-02-12,316,21.6,1.70081539381974,48,Giles Meloche
regular_season,Marc-Andre.Fleury,20092010,2010-02-14,317,42.8,-0.865727713186057,49,Giles Meloche
regular_season,Marc-Andre.Fleury,20092010,2010-03-04,318,22.5,-3.53005629404105,50,Giles Meloche
regular_season,Marc-Andre.Fleury,20092010,2010-03-06,319,38.8,-2.59255852454112,51,Giles Meloche
regular_season,Marc-Andre.Fleury,20092010,2010-03-07,320,46.7,1.1523485142188,52,Giles Meloche
regular_season,Marc-Andre.Fleury,20092010,2010-03-12,321,39.0,-1.36556030498375,53,Giles Meloche
regular_season,Marc-Andre.Fleury,20092010,2010-03-14,322,45.0,0.0410125156895897,54,Giles Meloche
regular_season,Marc-Andre.Fleury,20092010,2010-03-17,323,26.4,-4.98192561065523,55,Giles Meloche
regular_season,Marc-Andre.Fleury,20092010,2010-03-18,324,43.8,1.49667184900031,56,Giles Meloche
regular_season,Marc-Andre.Fleury,20092010,2010-03-20,325,47.1,-0.721892238445699,57,Giles Meloche
regular_season,Marc-Andre.Fleury,20092010,2010-03-22,326,45.5,-1.40751131714753,58,Giles Meloche
regular_season,Marc-Andre.Fleury,20092010,2010-03-24,327,48.2,0.306879735058528,59,Giles Meloche
regular_season,Marc-Andre.Fleury,20092010,2010-03-27,328,42.1,1.58129712478109,60,Giles Meloche
regular_season,Marc-Andre.Fleury,20092010,2010-03-28,329,47.3,-0.620249943219054,61,Giles Meloche
regular_season,Marc-Andre.Fleury,20092010,2010-03-31,330,40.1,-0.170622605301576,62,Giles Meloche
regular_season,Marc-Andre.Fleury,20092010,2010-04-03,331,45.4,-1.49746060558295,63,Giles Meloche
regular_season,Marc-Andre.Fleury,20092010,2010-04-06,332,23.5,-3.877431569769,64,Giles Meloche
regular_season,Marc-Andre.Fleury,20092010,2010-04-08,333,37.5,-0.433797846311188,65,Giles Meloche
regular_season,Marc-Andre.Fleury,20092010,2010-04-10,334,38.5,1.13922176261606,66,Giles Meloche
playoff_game,Marc-Andre.Fleury,20092010,2010-04-14,335,45.3,-1.92544970032816,67,Giles Meloche
playoff_game,Marc-Andre.Fleury,20092010,2010-04-16,336,49.6,0.372058284505153,68,Giles Meloche
playoff_game,Marc-Andre.Fleury,20092010,2010-04-18,337,42.6,1.34630986483217,69,Giles Meloche
playoff_game,Marc-Andre.Fleury,20092010,2010-04-20,338,38.0,-0.864694194997886,70,Giles Meloche
playoff_game,Marc-Andre.Fleury,20092010,2010-04-22,339,85.0,0.0933184614712268,71,Giles Meloche
playoff_game,Marc-Andre.Fleury,20092010,2010-04-24,340,62.0,-0.352528243922189,72,Giles Meloche
playoff_game,Marc-Andre.Fleury,20092010,2010-04-30,341,45.1,-0.103788015180711,73,Giles Meloche
playoff_game,Marc-Andre.Fleury,20092010,2010-05-02,342,49.1,-1.82999050539504,74,Giles Meloche
playoff_game,Marc-Andre.Fleury,20092010,2010-05-04,343,50.1,1.22509037532822,75,Giles Meloche
playoff_game,Marc-Andre.Fleury,20092010,2010-05-06,344,48.0,-1.62247290957562,76,Giles Meloche
playoff_game,Marc-Andre.Fleury,20092010,2010-05-08,345,50.0,2.43187486109683,77,Giles Meloche
playoff_game,Marc-Andre.Fleury,20092010,2010-05-10,346,45.8,-3.12288438232363,78,Giles Meloche
playoff_game,Marc-Andre.Fleury,20092010,2010-05-12,347,19.6,-3.44380655914308,79,Giles Meloche
regular_season,Marc-Andre.Fleury,20102011,2010-10-07,348,44.7,1.04195144596355,1,Giles Meloche
regular_season,Marc-Andre.Fleury,20102011,2010-10-09,349,43.2,-2.28942035994977,2,Giles Meloche
regular_season,Marc-Andre.Fleury,20102011,2010-10-13,350,49.6,-2.74266476745361,3,Giles Meloche
regular_season,Marc-Andre.Fleury,20102011,2010-10-21,351,39.5,-0.808883361249286,4,Giles Meloche
regular_season,Marc-Andre.Fleury,20102011,2010-10-27,352,37.7,-1.48576742540833,5,Giles Meloche
regular_season,Marc-Andre.Fleury,20102011,2010-10-29,353,44.7,0.738142472164244,6,Giles Meloche
regular_season,Marc-Andre.Fleury,20102011,2010-11-05,354,48.9,-1.66566742470915,7,Giles Meloche
regular_season,Marc-Andre.Fleury,20102011,2010-11-06,355,6.9,-16.4130947086381,8,Giles Meloche
regular_season,Marc-Andre.Fleury,20102011,2010-11-12,356,38.2,1.52018726979026,9,Giles Meloche
regular_season,Marc-Andre.Fleury,20102011,2010-11-13,357,41.2,-0.0955985605839509,10,Giles Meloche
regular_season,Marc-Andre.Fleury,20102011,2010-11-15,358,42.5,0.830243170115089,11,Giles Meloche
regular_season,Marc-Andre.Fleury,20102011,2010-11-17,359,45.2,0.245218268538533,12,Giles Meloche
regular_season,Marc-Andre.Fleury,20102011,2010-11-19,360,52.5,-1.63446246494936,13,Giles Meloche
regular_season,Marc-Andre.Fleury,20102011,2010-11-22,361,45.7,-0.304405937730198,14,Giles Meloche
regular_season,Marc-Andre.Fleury,20102011,2010-11-24,362,44.5,2.82311049621002,15,Giles Meloche
regular_season,Marc-Andre.Fleury,20102011,2010-11-26,363,44.1,2.41291801636848,16,Giles Meloche
regular_season,Marc-Andre.Fleury,20102011,2010-11-29,364,47.8,1.42258894170565,17,Giles Meloche
regular_season,Marc-Andre.Fleury,20102011,2010-12-02,365,52.2,0.213110149271242,18,Giles Meloche
regular_season,Marc-Andre.Fleury,20102011,2010-12-04,366,43.9,1.16528387432505,19,Giles Meloche
regular_season,Marc-Andre.Fleury,20102011,2010-12-06,367,41.4,2.05678038298578,20,Giles Meloche
regular_season,Marc-Andre.Fleury,20102011,2010-12-08,368,44.8,0.777661557925618,21,Giles Meloche
regular_season,Marc-Andre.Fleury,20102011,2010-12-11,369,40.7,3.36408628958293,22,Giles Meloche
regular_season,Marc-Andre.Fleury,20102011,2010-12-14,370,42.7,0.28988439324926,23,Giles Meloche
regular_season,Marc-Andre.Fleury,20102011,2010-12-20,371,42.1,0.879053488293726,24,Giles Meloche
regular_season,Marc-Andre.Fleury,20102011,2010-12-22,372,14.6,-0.506970726846481,25,Giles Meloche
regular_season,Marc-Andre.Fleury,20102011,2010-12-23,373,42.9,2.27449186373056,26,Giles Meloche
regular_season,Marc-Andre.Fleury,20102011,2010-12-26,374,43.3,1.59906689257773,27,Giles Meloche
regular_season,Marc-Andre.Fleury,20102011,2010-12-28,375,39.9,-0.550832133111166,28,Giles Meloche
regular_season,Marc-Andre.Fleury,20102011,2010-12-29,376,48.2,1.51423437225385,29,Giles Meloche
regular_season,Marc-Andre.Fleury,20102011,2011-01-01,377,47.7,0.451562442103601,30,Giles Meloche
regular_season,Marc-Andre.Fleury,20102011,2011-01-05,378,49.3,2.23447857429051,31,Giles Meloche
regular_season,Marc-Andre.Fleury,20102011,2011-01-08,379,44.6,-1.85080159659216,32,Giles Meloche
regular_season,Marc-Andre.Fleury,20102011,2011-01-10,380,41.0,0.445844126418601,33,Giles Meloche
regular_season,Marc-Andre.Fleury,20102011,2011-01-12,381,43.3,-0.0249594774834676,34,Giles Meloche
regular_season,Marc-Andre.Fleury,20102011,2011-01-15,382,49.4,1.74818479159366,35,Giles Meloche
regular_season,Marc-Andre.Fleury,20102011,2011-01-18,383,51.3,2.41366516470537,36,Giles Meloche
regular_season,Marc-Andre.Fleury,20102011,2011-01-22,384,42.2,1.45142428680409,37,Giles Meloche
regular_season,Marc-Andre.Fleury,20102011,2011-01-25,385,49.2,2.54353325391271,38,Giles Meloche
regular_season,Marc-Andre.Fleury,20102011,2011-02-01,386,45.9,-0.242579610921127,39,Giles Meloche
regular_season,Marc-Andre.Fleury,20102011,2011-02-04,388,46.2,0.6934909997708,40,Giles Meloche
regular_season,Marc-Andre.Fleury,20102011,2011-02-06,389,47.3,1.20837110874575,41,Giles Meloche
regular_season,Marc-Andre.Fleury,20102011,2011-02-08,390,50.5,-1.29942561919438,42,Giles Meloche
regular_season,Marc-Andre.Fleury,20102011,2011-02-10,391,49.7,1.22832363446774,43,Giles Meloche
regular_season,Marc-Andre.Fleury,20102011,2011-02-11,392,8.9,-3.88795268804873,44,Giles Meloche
regular_season,Marc-Andre.Fleury,20102011,2011-02-13,393,38.1,-0.771033223791133,45,Giles Meloche
regular_season,Marc-Andre.Fleury,20102011,2011-02-16,394,47.4,0.559617591085389,46,Giles Meloche
regular_season,Marc-Andre.Fleury,20102011,2011-02-20,395,48.8,0.543562988062447,47,Giles Meloche
regular_season,Marc-Andre.Fleury,20102011,2011-02-21,396,46.6,2.60106482508831,48,Giles Meloche
regular_season,Marc-Andre.Fleury,20102011,2011-02-23,397,48.4,1.7420759442424,49,Giles Meloche
regular_season,Marc-Andre.Fleury,20102011,2011-02-25,398,22.2,-4.36455608773799,50,Giles Meloche
regular_season,Marc-Andre.Fleury,20102011,2011-02-26,399,46.4,-1.42473221461545,51,Giles Meloche
regular_season,Marc-Andre.Fleury,20102011,2011-03-02,400,46.4,-0.628748826645613,52,Giles Meloche
regular_season,Marc-Andre.Fleury,20102011,2011-03-05,401,53.0,1.48455873900598,53,Giles Meloche
regular_season,Marc-Andre.Fleury,20102011,2011-03-08,402,40.4,1.32092475740062,54,Giles Meloche
regular_season,Marc-Andre.Fleury,20102011,2011-03-12,403,24.5,-5.27534864903202,55,Giles Meloche
regular_season,Marc-Andre.Fleury,20102011,2011-03-13,404,44.0,1.47957618269291,56,Giles Meloche
regular_season,Marc-Andre.Fleury,20102011,2011-03-20,405,46.9,0.23842881678735,57,Giles Meloche
regular_season,Marc-Andre.Fleury,20102011,2011-03-24,406,50.8,0.407311566326057,58,Giles Meloche
regular_season,Marc-Andre.Fleury,20102011,2011-03-25,407,48.0,1.74737474298251,59,Giles Meloche
regular_season,Marc-Andre.Fleury,20102011,2011-03-27,408,50.4,1.80285122900087,60,Giles Meloche
regular_season,Marc-Andre.Fleury,20102011,2011-03-29,409,47.1,-3.37201680343515,61,Giles Meloche
regular_season,Marc-Andre.Fleury,20102011,2011-03-31,410,40.6,-0.677133312391602,62,Giles Meloche
regular_season,Marc-Andre.Fleury,20102011,2011-04-05,411,52.5,0.324566936153845,63,Giles Meloche
regular_season,Marc-Andre.Fleury,20102011,2011-04-08,412,37.0,2.74830621823919,64,Giles Meloche
playoff_game,Marc-Andre.Fleury,20102011,2011-04-13,413,44.4,2.33688735062079,65,Giles Meloche
playoff_game,Marc-Andre.Fleury,20102011,2011-04-15,414,41.7,0.574459371011865,66,Giles Meloche
playoff_game,Marc-Andre.Fleury,20102011,2011-04-18,415,47.1,2.66898906983822,67,Giles Meloche
playoff_game,Marc-Andre.Fleury,20102011,2011-04-20,416,70.9,0.303230527987652,68,Giles Meloche
playoff_game,Marc-Andre.Fleury,20102011,2011-04-23,417,19.2,-8.71746995768238,69,Giles Meloche
playoff_game,Marc-Andre.Fleury,20102011,2011-04-25,418,41.9,-3.83355075601681,70,Giles Meloche
playoff_game,Marc-Andre.Fleury,20102011,2011-04-27,419,44.6,0.677534109702944,71,Giles Meloche
regular_season,Marc-Andre.Fleury,20112012,2011-10-06,420,51.5,0.814366659696836,1,Giles Meloche
regular_season,Marc-Andre.Fleury,20112012,2011-10-08,421,43.9,-2.71786576636019,2,Giles Meloche
regular_season,Marc-Andre.Fleury,20112012,2011-10-11,422,42.7,0.34159123689363,3,Giles Meloche
regular_season,Marc-Andre.Fleury,20112012,2011-10-15,423,54.3,-1.21180513812367,4,Giles Meloche
regular_season,Marc-Andre.Fleury,20112012,2011-10-17,424,45.6,0.436718430812763,5,Giles Meloche
regular_season,Marc-Andre.Fleury,20112012,2011-10-20,425,41.0,0.303452229050023,6,Giles Meloche
regular_season,Marc-Andre.Fleury,20112012,2011-10-22,426,48.9,2.48387134533213,7,Giles Meloche
regular_season,Marc-Andre.Fleury,20112012,2011-10-25,427,48.4,3.45038281786349,8,Giles Meloche
regular_season,Marc-Andre.Fleury,20112012,2011-10-27,428,46.0,-1.54177259960621,9,Giles Meloche
regular_season,Marc-Andre.Fleury,20112012,2011-11-03,429,55.9,-0.598897307764695,10,Giles Meloche
regular_season,Marc-Andre.Fleury,20112012,2011-11-05,430,44.4,-0.461132672734642,11,Giles Meloche
regular_season,Marc-Andre.Fleury,20112012,2011-11-11,431,46.1,0.107172981245953,12,Giles Meloche
regular_season,Marc-Andre.Fleury,20112012,2011-11-15,432,46.3,-1.72074787986746,13,Giles Meloche
regular_season,Marc-Andre.Fleury,20112012,2011-11-17,433,38.0,-0.189485595139255,14,Giles Meloche
regular_season,Marc-Andre.Fleury,20112012,2011-11-21,434,42.4,2.20830589712451,15,Giles Meloche
regular_season,Marc-Andre.Fleury,20112012,2011-11-23,435,46.7,0.45892430481811,16,Giles Meloche
regular_season,Marc-Andre.Fleury,20112012,2011-11-25,436,40.3,-1.4119929441327,17,Giles Meloche
regular_season,Marc-Andre.Fleury,20112012,2011-11-26,437,47.7,-1.30146608036732,18,Giles Meloche
regular_season,Marc-Andre.Fleury,20112012,2011-11-29,438,38.6,0.758819884336857,19,Giles Meloche
regular_season,Marc-Andre.Fleury,20112012,2011-12-01,439,50.2,0.441157185723383,20,Giles Meloche
regular_season,Marc-Andre.Fleury,20112012,2011-12-05,440,41.0,-0.326629488509607,21,Giles Meloche
regular_season,Marc-Andre.Fleury,20112012,2011-12-08,441,41.0,-0.691717954670665,22,Giles Meloche
regular_season,Marc-Andre.Fleury,20112012,2011-12-10,442,42.0,-0.888571777729271,23,Giles Meloche
regular_season,Marc-Andre.Fleury,20112012,2011-12-13,443,48.5,-0.584751260649428,24,Giles Meloche
regular_season,Marc-Andre.Fleury,20112012,2011-12-16,444,15.9,-3.49466492295704,25,Giles Meloche
regular_season,Marc-Andre.Fleury,20112012,2011-12-17,445,47.5,-2.0488424139922,26,Giles Meloche
regular_season,Marc-Andre.Fleury,20112012,2011-12-20,446,42.4,0.532122980202905,27,Giles Meloche
regular_season,Marc-Andre.Fleury,20112012,2011-12-23,447,45.7,0.207120902266685,28,Giles Meloche
regular_season,Marc-Andre.Fleury,20112012,2011-12-27,448,50.2,-1.49048750388072,29,Giles Meloche
regular_season,Marc-Andre.Fleury,20112012,2011-12-29,449,46.9,-1.37130617336875,30,Giles Meloche
regular_season,Marc-Andre.Fleury,20112012,2011-12-31,450,41.4,1.3163477807001,31,Giles Meloche
regular_season,Marc-Andre.Fleury,20112012,2012-01-06,451,51.2,-1.01373756368684,32,Giles Meloche
regular_season,Marc-Andre.Fleury,20112012,2012-01-07,452,53.2,1.55867869648999,33,Giles Meloche
regular_season,Marc-Andre.Fleury,20112012,2012-01-10,453,30.1,-0.579365334206358,34,Giles Meloche
regular_season,Marc-Andre.Fleury,20112012,2012-01-11,454,54.6,0.617620752953209,35,Giles Meloche
regular_season,Marc-Andre.Fleury,20112012,2012-01-13,455,50.1,1.08181598802165,36,Giles Meloche
regular_season,Marc-Andre.Fleury,20112012,2012-01-15,456,49.8,-0.972932640836747,37,Giles Meloche
regular_season,Marc-Andre.Fleury,20112012,2012-01-17,457,51.0,0.888810304900364,38,Giles Meloche
regular_season,Marc-Andre.Fleury,20112012,2012-01-19,458,51.2,1.39862948550575,39,Giles Meloche
regular_season,Marc-Andre.Fleury,20112012,2012-01-20,459,41.6,-2.24997422351046,40,Giles Meloche
regular_season,Marc-Andre.Fleury,20112012,2012-01-22,460,47.1,-0.761386477645642,41,Giles Meloche
regular_season,Marc-Andre.Fleury,20112012,2012-01-24,461,45.4,1.17610830767246,42,Giles Meloche
regular_season,Marc-Andre.Fleury,20112012,2012-01-31,462,51.8,-0.705490323063241,43,Giles Meloche
regular_season,Marc-Andre.Fleury,20112012,2012-02-04,463,49.9,0.496242777316896,44,Giles Meloche
regular_season,Marc-Andre.Fleury,20112012,2012-02-05,464,19.3,-4.8945319534277,45,Giles Meloche
regular_season,Marc-Andre.Fleury,20112012,2012-02-07,465,48.4,-0.56325241460003606,46,Giles Meloche
regular_season,Marc-Andre.Fleury,20112012,2012-02-11,466,54.4,-2.82237228908953,47,Giles Meloche
regular_season,Marc-Andre.Fleury,20112012,2012-02-15,467,51.1,-0.0174361973678988,48,Giles Meloche
regular_season,Marc-Andre.Fleury,20112012,2012-02-18,468,43.3,-0.899736082643905,49,Giles Meloche
regular_season,Marc-Andre.Fleury,20112012,2012-02-19,469,27.4,-2.77628131625028,50,Giles Meloche
regular_season,Marc-Andre.Fleury,20112012,2012-02-21,470,48.9,1.5221707069658,51,Giles Meloche
regular_season,Marc-Andre.Fleury,20112012,2012-02-25,471,47.0,4.65504474084536,52,Giles Meloche
regular_season,Marc-Andre.Fleury,20112012,2012-02-29,472,43.2,-1.83322743630163,53,Giles Meloche
regular_season,Marc-Andre.Fleury,20112012,2012-03-03,473,43.6,1.40553813395433,54,Giles Meloche
regular_season,Marc-Andre.Fleury,20112012,2012-03-05,474,50.4,1.90032885838068,55,Giles Meloche
regular_season,Marc-Andre.Fleury,20112012,2012-03-09,475,51.5,0.482571605073381,56,Giles Meloche
regular_season,Marc-Andre.Fleury,20112012,2012-03-11,476,50.1,0.250740710280233,57,Giles Meloche
regular_season,Marc-Andre.Fleury,20112012,2012-03-15,477,50.1,0.774130153105621,58,Giles Meloche
regular_season,Marc-Andre.Fleury,20112012,2012-03-17,478,49.8,-1.48569435366497,59,Giles Meloche
regular_season,Marc-Andre.Fleury,20112012,2012-03-18,479,48.8,0.811795745978441,60,Giles Meloche
regular_season,Marc-Andre.Fleury,20112012,2012-03-22,480,55.8,1.88711967111679,61,Giles Meloche
regular_season,Marc-Andre.Fleury,20112012,2012-03-25,481,49.4,0.327799058268579,62,Giles Meloche
regular_season,Marc-Andre.Fleury,20112012,2012-03-27,482,32.1,-4.24261928473599,63,Giles Meloche
regular_season,Marc-Andre.Fleury,20112012,2012-03-29,483,39.7,-0.586160218653639,64,Giles Meloche
regular_season,Marc-Andre.Fleury,20112012,2012-04-01,484,46.5,-3.0516510147569,65,Giles Meloche
regular_season,Marc-Andre.Fleury,20112012,2012-04-05,485,44.4,1.18986920057502,66,Giles Meloche
regular_season,Marc-Andre.Fleury,20112012,2012-04-07,486,20.9,-0.734754416596598,67,Giles Meloche
playoff_game,Marc-Andre.Fleury,20112012,2012-04-11,487,54.9,-0.774073425311528,68,Giles Meloche
playoff_game,Marc-Andre.Fleury,20112012,2012-04-13,488,49.8,-3.36643336711074,69,Giles Meloche
playoff_game,Marc-Andre.Fleury,20112012,2012-04-15,489,20.0,-1.1666217926057,70,Giles Meloche
playoff_game,Marc-Andre.Fleury,20112012,2012-04-18,490,39.8,1.91363387833279,71,Giles Meloche
playoff_game,Marc-Andre.Fleury,20112012,2012-04-20,491,43.6,1.73047907337743,72,Giles Meloche
playoff_game,Marc-Andre.Fleury,20112012,2012-04-22,492,45.4,-2.24129608787693,73,Giles Meloche
regular_season,Marc-Andre.Fleury,20122013,2013-01-19,493,46.8,0.313121718429597,1,Giles Meloche
regular_season,Marc-Andre.Fleury,20122013,2013-01-23,494,39.3,-3.83474928046198,2,Giles Meloche
regular_season,Marc-Andre.Fleury,20122013,2013-01-27,495,46.7,0.730276093418299,3,Giles Meloche
regular_season,Marc-Andre.Fleury,20122013,2013-01-29,496,33.2,-1.92979803146744,4,Giles Meloche
regular_season,Marc-Andre.Fleury,20122013,2013-02-02,497,50.1,1.52016504613139,5,Giles Meloche
regular_season,Marc-Andre.Fleury,20122013,2013-02-05,498,41.8,-0.696042076991507,6,Giles Meloche
regular_season,Marc-Andre.Fleury,20122013,2013-02-07,499,50.0,0.449519629693007,7,Giles Meloche
regular_season,Marc-Andre.Fleury,20122013,2013-02-09,500,34.1,-0.0619889554012546,8,Giles Meloche
regular_season,Marc-Andre.Fleury,20122013,2013-02-13,501,45.9,0.503211235006013,9,Giles Meloche
regular_season,Marc-Andre.Fleury,20122013,2013-02-15,502,51.5,3.33841962175912,10,Giles Meloche
regular_season,Marc-Andre.Fleury,20122013,2013-02-17,503,44.5,1.41040090696842,11,Giles Meloche
regular_season,Marc-Andre.Fleury,20122013,2013-02-22,504,47.7,0.774508315706009,12,Giles Meloche
regular_season,Marc-Andre.Fleury,20122013,2013-02-24,505,54.1,0.457962287546507,13,Giles Meloche
regular_season,Marc-Andre.Fleury,20122013,2013-02-26,506,20.9,1.01091315091261,14,Giles Meloche
regular_season,Marc-Andre.Fleury,20122013,2013-02-28,507,38.5,-4.57785479435257,15,Giles Meloche
regular_season,Marc-Andre.Fleury,20122013,2013-03-04,508,48.9,0.28724837284253,16,Giles Meloche
regular_season,Marc-Andre.Fleury,20122013,2013-03-07,509,16.6,-5.40457668797413,17,Giles Meloche
regular_season,Marc-Andre.Fleury,20122013,2013-03-09,510,49.8,-1.30775438065336,18,Giles Meloche
regular_season,Marc-Andre.Fleury,20122013,2013-03-12,511,48.8,0.66770092727961206,19,Giles Meloche
regular_season,Marc-Andre.Fleury,20122013,2013-03-14,512,49.5,1.45638331649421,20,Giles Meloche
regular_season,Marc-Andre.Fleury,20122013,2013-03-16,513,48.5,2.00455987330356,21,Giles Meloche
regular_season,Marc-Andre.Fleury,20122013,2013-03-19,514,45.4,2.98574048063165,22,Giles Meloche
regular_season,Marc-Andre.Fleury,20122013,2013-03-24,515,54.2,2.20624317818217,23,Giles Meloche
regular_season,Marc-Andre.Fleury,20122013,2013-03-26,516,36.0,3.36345979572641,24,Giles Meloche
regular_season,Marc-Andre.Fleury,20122013,2013-04-02,517,24.4,1.7496600562863,25,Giles Meloche
regular_season,Marc-Andre.Fleury,20122013,2013-04-03,518,51.3,-0.232568747331598,26,Giles Meloche
regular_season,Marc-Andre.Fleury,20122013,2013-04-05,519,52.1,1.95433371888676,27,Giles Meloche
regular_season,Marc-Andre.Fleury,20122013,2013-04-09,520,52.4,-0.07739418086933,28,Giles Meloche
regular_season,Marc-Andre.Fleury,20122013,2013-04-13,521,48.8,0.457044873029461,29,Giles Meloche
regular_season,Marc-Andre.Fleury,20122013,2013-04-17,522,41.4,-2.1475489751272,30,Giles Meloche
regular_season,Marc-Andre.Fleury,20122013,2013-04-23,523,52.5,-0.899433506862589,31,Giles Meloche
regular_season,Marc-Andre.Fleury,20122013,2013-04-25,524,51.9,-0.0661650196508916,32,Giles Meloche
regular_season,Marc-Andre.Fleury,20122013,2013-04-27,525,49.1,-0.635608598725616,33,Giles Meloche
playoff_game,Marc-Andre.Fleury,20122013,2013-05-01,526,45.4,1.93597128644053,34,Giles Meloche
playoff_game,Marc-Andre.Fleury,20122013,2013-05-03,527,44.1,0.746983034568945,35,Giles Meloche
playoff_game,Marc-Andre.Fleury,20122013,2013-05-05,528,54.7,0.0229738203184173,36,Giles Meloche
playoff_game,Marc-Andre.Fleury,20122013,2013-05-07,529,47.4,-4.05752402988517,37,Giles Meloche
playoff_game,Marc-Andre.Fleury,20122013,2013-06-03,530,37.6,-3.62512716376763,38,Giles Meloche
regular_season,Marc-Andre.Fleury,20132014,2013-10-03,531,56.5,2.71676244456865,1,Mike Bales
regular_season,Marc-Andre.Fleury,20132014,2013-10-05,532,51.1,0.224413542385176,2,Mike Bales
regular_season,Marc-Andre.Fleury,20132014,2013-10-08,533,48.0,-0.794090006168543,3,Mike Bales
regular_season,Marc-Andre.Fleury,20132014,2013-10-12,534,43.5,-1.54039126672043,4,Mike Bales
regular_season,Marc-Andre.Fleury,20132014,2013-10-15,535,50.0,-0.403535123784353,5,Mike Bales
regular_season,Marc-Andre.Fleury,20132014,2013-10-17,536,44.0,2.76096045442859,6,Mike Bales
regular_season,Marc-Andre.Fleury,20132014,2013-10-19,537,51.4,-1.13113505852497,7,Mike Bales
regular_season,Marc-Andre.Fleury,20132014,2013-10-21,538,41.1,0.418594352084806,8,Mike Bales
regular_season,Marc-Andre.Fleury,20132014,2013-10-26,539,47.5,0.7841410727462,9,Mike Bales
regular_season,Marc-Andre.Fleury,20132014,2013-10-28,540,45.4,0.91506386023006,10,Mike Bales
regular_season,Marc-Andre.Fleury,20132014,2013-10-30,541,53.2,0.623593427307082,11,Mike Bales
regular_season,Marc-Andre.Fleury,20132014,2013-11-01,542,47.8,0.636943368206579,12,Mike Bales
regular_season,Marc-Andre.Fleury,20132014,2013-11-06,543,43.3,-5.27900900962809,13,Mike Bales
regular_season,Marc-Andre.Fleury,20132014,2013-11-09,544,49.6,-0.0573408247539717,14,Mike Bales
regular_season,Marc-Andre.Fleury,20132014,2013-11-13,545,47.0,0.0880554069819623,15,Mike Bales
regular_season,Marc-Andre.Fleury,20132014,2013-11-15,546,50.5,0.163539740270072,16,Mike Bales
regular_season,Marc-Andre.Fleury,20132014,2013-11-16,547,46.1,-1.00624305753233,17,Mike Bales
regular_season,Marc-Andre.Fleury,20132014,2013-11-18,548,52.5,1.67601724717873,18,Mike Bales
regular_season,Marc-Andre.Fleury,20132014,2013-11-20,549,49.0,0.918024440821356,19,Mike Bales
regular_season,Marc-Andre.Fleury,20132014,2013-11-23,550,45.4,0.0877944857054574,20,Mike Bales
regular_season,Marc-Andre.Fleury,20132014,2013-11-25,551,56.7,-0.514477060124219,21,Mike Bales
regular_season,Marc-Andre.Fleury,20132014,2013-11-27,552,20.1,-2.76649560158709,22,Mike Bales
regular_season,Marc-Andre.Fleury,20132014,2013-11-29,553,48.9,1.84402060015668,23,Mike Bales
regular_season,Marc-Andre.Fleury,20132014,2013-12-03,554,47.9,0.265660302524136,24,Mike Bales
regular_season,Marc-Andre.Fleury,20132014,2013-12-05,555,51.4,2.85401303818985,25,Mike Bales
regular_season,Marc-Andre.Fleury,20132014,2013-12-07,556,38.6,-1.42294578192269,26,Mike Bales
regular_season,Marc-Andre.Fleury,20132014,2013-12-09,557,50.4,2.19983380507373,27,Mike Bales
regular_season,Marc-Andre.Fleury,20132014,2013-12-13,558,53.6,0.491605434910026,28,Mike Bales
regular_season,Marc-Andre.Fleury,20132014,2013-12-16,559,47.2,2.43832671179575,29,Mike Bales
regular_season,Marc-Andre.Fleury,20132014,2013-12-18,560,48.1,1.56350160250908,30,Mike Bales
regular_season,Marc-Andre.Fleury,20132014,2013-12-21,561,45.9,-2.3155488585598,31,Mike Bales
regular_season,Marc-Andre.Fleury,20132014,2013-12-23,562,43.8,-3.06079137756748,32,Mike Bales
regular_season,Marc-Andre.Fleury,20132014,2013-12-27,563,56.1,-0.84853188927289,33,Mike Bales
regular_season,Marc-Andre.Fleury,20132014,2013-12-31,564,49.4,0.334854753717948,34,Mike Bales
regular_season,Marc-Andre.Fleury,20132014,2014-01-03,565,47.6,0.112344085512545,35,Mike Bales
regular_season,Marc-Andre.Fleury,20132014,2014-01-05,566,46.1,-3.15922269829518,36,Mike Bales
regular_season,Marc-Andre.Fleury,20132014,2014-01-07,567,51.3,-2.7068941423514,37,Mike Bales
regular_season,Marc-Andre.Fleury,20132014,2014-01-11,568,43.2,1.66897602529603,38,Mike Bales
regular_season,Marc-Andre.Fleury,20132014,2014-01-15,569,48.0,0.623793419460491,39,Mike Bales
regular_season,Marc-Andre.Fleury,20132014,2014-01-20,570,41.8,-2.39163288726682,40,Mike Bales
regular_season,Marc-Andre.Fleury,20132014,2014-01-22,571,45.3,-0.0342046267962937,41,Mike Bales
regular_season,Marc-Andre.Fleury,20132014,2014-01-25,572,46.9,0.672891838665675,42,Mike Bales
regular_season,Marc-Andre.Fleury,20132014,2014-01-27,573,50.5,2.55023518447919,43,Mike Bales
regular_season,Marc-Andre.Fleury,20132014,2014-02-01,574,45.2,-1.40139509373236,44,Mike Bales
regular_season,Marc-Andre.Fleury,20132014,2014-02-03,575,47.0,0.277350063455754,45,Mike Bales
regular_season,Marc-Andre.Fleury,20132014,2014-02-05,576,51.3,1.34040089180915,46,Mike Bales
regular_season,Marc-Andre.Fleury,20132014,2014-02-07,577,47.6,1.21785774054387,47,Mike Bales
regular_season,Marc-Andre.Fleury,20132014,2014-02-27,578,41.2,-2.32393178611458,48,Mike Bales
regular_season,Marc-Andre.Fleury,20132014,2014-03-01,579,43.1,-3.39491927612743,49,Mike Bales
regular_season,Marc-Andre.Fleury,20132014,2014-03-04,580,43.7,0.0791247075164195,50,Mike Bales
regular_season,Marc-Andre.Fleury,20132014,2014-03-07,581,46.9,-0.470109457750138,51,Mike Bales
regular_season,Marc-Andre.Fleury,20132014,2014-03-11,582,51.5,2.13656658935226,52,Mike Bales
regular_season,Marc-Andre.Fleury,20132014,2014-03-15,583,44.7,0.69634781677761,53,Mike Bales
regular_season,Marc-Andre.Fleury,20132014,2014-03-16,584,8.7,-2.53918344914214,54,Mike Bales
regular_season,Marc-Andre.Fleury,20132014,2014-03-20,585,39.8,-1.04044603627025,55,Mike Bales
regular_season,Marc-Andre.Fleury,20132014,2014-03-23,586,46.8,0.380601476094064,56,Mike Bales
regular_season,Marc-Andre.Fleury,20132014,2014-03-25,587,50.8,-1.27572572556879,57,Mike Bales
regular_season,Marc-Andre.Fleury,20132014,2014-03-28,588,43.9,2.52665708219805,58,Mike Bales
regular_season,Marc-Andre.Fleury,20132014,2014-03-30,589,53.4,1.17685334858104,59,Mike Bales
regular_season,Marc-Andre.Fleury,20132014,2014-04-01,590,52.7,-1.128148552083,60,Mike Bales
regular_season,Marc-Andre.Fleury,20132014,2014-04-03,591,50.2,-0.561969114602031,61,Mike Bales
regular_season,Marc-Andre.Fleury,20132014,2014-04-06,592,49.5,0.366835715817843,62,Mike Bales
regular_season,Marc-Andre.Fleury,20132014,2014-04-09,593,51.8,-1.47858268455627,63,Mike Bales
regular_season,Marc-Andre.Fleury,20132014,2014-04-12,594,48.6,-0.514946203439659,64,Mike Bales
playoff_game,Marc-Andre.Fleury,20132014,2014-04-16,595,49.2,0.817580342970138,65,Mike Bales
playoff_game,Marc-Andre.Fleury,20132014,2014-04-19,596,57.4,2.16564072188885,66,Mike Bales
playoff_game,Marc-Andre.Fleury,20132014,2014-04-21,597,40.9,-3.36295166558221,67,Mike Bales
playoff_game,Marc-Andre.Fleury,20132014,2014-04-23,598,47.0,1.85120414158454,68,Mike Bales
playoff_game,Marc-Andre.Fleury,20132014,2014-04-26,599,49.5,1.47546369661456,69,Mike Bales
playoff_game,Marc-Andre.Fleury,20132014,2014-04-28,600,43.2,0.619952109598114,70,Mike Bales
playoff_game,Marc-Andre.Fleury,20132014,2014-05-02,601,48.6,-1.97008209028643,71,Mike Bales
playoff_game,Marc-Andre.Fleury,20132014,2014-05-04,602,41.9,2.49641861359342,72,Mike Bales
playoff_game,Marc-Andre.Fleury,20132014,2014-05-05,603,47.4,2.67856796560578,73,Mike Bales
playoff_game,Marc-Andre.Fleury,20132014,2014-05-07,604,47.3,-1.2963836444041,74,Mike Bales
playoff_game,Marc-Andre.Fleury,20132014,2014-05-09,605,46.4,-0.686559483749829,75,Mike Bales
playoff_game,Marc-Andre.Fleury,20132014,2014-05-11,606,39.3,-1.67425052824665,76,Mike Bales
playoff_game,Marc-Andre.Fleury,20132014,2014-05-13,607,52.6,0.3092878171303,77,Mike Bales
regular_season,Marc-Andre.Fleury,20142015,2014-10-09,608,45.7,1.65615010546262,1,Mike Bales
regular_season,Marc-Andre.Fleury,20142015,2014-10-11,609,44.2,1.68307984773291,2,Mike Bales
regular_season,Marc-Andre.Fleury,20142015,2014-10-16,610,48.6,0.677165101031596,3,Mike Bales
regular_season,Marc-Andre.Fleury,20142015,2014-10-18,611,41.3,1.53976941782232,4,Mike Bales
regular_season,Marc-Andre.Fleury,20142015,2014-10-22,612,49.4,-2.02455913768066,5,Mike Bales
regular_season,Marc-Andre.Fleury,20142015,2014-10-25,613,51.3,1.45710192044123,6,Mike Bales
regular_season,Marc-Andre.Fleury,20142015,2014-10-28,614,42.1,-1.47082170878556,7,Mike Bales
regular_season,Marc-Andre.Fleury,20142015,2014-10-30,615,41.3,3.03673619694306,8,Mike Bales
regular_season,Marc-Andre.Fleury,20142015,2014-11-01,616,46.8,1.80099021684019,9,Mike Bales
regular_season,Marc-Andre.Fleury,20142015,2014-11-06,617,40.0,0.218172609975211,10,Mike Bales
regular_season,Marc-Andre.Fleury,20142015,2014-11-08,618,45.4,0.700412757725576,11,Mike Bales
regular_season,Marc-Andre.Fleury,20142015,2014-11-11,619,47.5,-1.15493507120516,12,Mike Bales
regular_season,Marc-Andre.Fleury,20142015,2014-11-15,620,48.6,0.69753267478233,13,Mike Bales
regular_season,Marc-Andre.Fleury,20142015,2014-11-18,621,53.6,1.96376834674555,14,Mike Bales
regular_season,Marc-Andre.Fleury,20142015,2014-11-21,622,56.7,-1.43597089547897,15,Mike Bales
regular_season,Marc-Andre.Fleury,20142015,2014-11-24,623,50.6,0.141528744636136,16,Mike Bales
regular_season,Marc-Andre.Fleury,20142015,2014-11-26,624,48.0,-1.51921437671192,17,Mike Bales
regular_season,Marc-Andre.Fleury,20142015,2014-11-28,625,54.3,1.22520607077611,18,Mike Bales
regular_season,Marc-Andre.Fleury,20142015,2014-12-02,626,47.6,2.52900837568015,19,Mike Bales
regular_season,Marc-Andre.Fleury,20142015,2014-12-06,627,43.4,1.53700769673214,20,Mike Bales
regular_season,Marc-Andre.Fleury,20142015,2014-12-08,628,49.6,-2.35097917081664,21,Mike Bales
regular_season,Marc-Andre.Fleury,20142015,2014-12-12,629,34.6,0.987766150590021,22,Mike Bales
regular_season,Marc-Andre.Fleury,20142015,2014-12-15,630,45.3,1.40380743832366,23,Mike Bales
regular_season,Marc-Andre.Fleury,20142015,2014-12-18,631,52.0,2.14387406411068,24,Mike Bales
regular_season,Marc-Andre.Fleury,20142015,2014-12-20,632,37.0,4.43967890003448,25,Mike Bales
regular_season,Marc-Andre.Fleury,20142015,2014-12-22,633,46.4,-1.0084865775353,26,Mike Bales
regular_season,Marc-Andre.Fleury,20142015,2014-12-23,634,16.4,-8.17142259679387,27,Mike Bales
regular_season,Marc-Andre.Fleury,20142015,2014-12-27,635,42.6,-1.07698333569902,28,Mike Bales
regular_season,Marc-Andre.Fleury,20142015,2014-12-29,636,48.7,0.468661496194966,29,Mike Bales
regular_season,Marc-Andre.Fleury,20142015,2014-12-31,637,44.1,0.494478574395498,30,Mike Bales
regular_season,Marc-Andre.Fleury,20142015,2015-01-03,638,48.7,-1.89738815517928,31,Mike Bales
regular_season,Marc-Andre.Fleury,20142015,2015-01-07,639,48.4,-0.868574239828071,32,Mike Bales
regular_season,Marc-Andre.Fleury,20142015,2015-01-10,640,45.8,0.714174237588826,33,Mike Bales
regular_season,Marc-Andre.Fleury,20142015,2015-01-13,641,55.1,1.79413922036907,34,Mike Bales
regular_season,Marc-Andre.Fleury,20142015,2015-01-16,642,52.0,-2.34266483274766,35,Mike Bales
regular_season,Marc-Andre.Fleury,20142015,2015-01-18,643,14.6,-8.04924710639264,36,Mike Bales
regular_season,Marc-Andre.Fleury,20142015,2015-01-21,644,52.5,1.26872595898289,37,Mike Bales
regular_season,Marc-Andre.Fleury,20142015,2015-01-28,645,46.4,-1.48824024869623,38,Mike Bales
regular_season,Marc-Andre.Fleury,20142015,2015-01-30,646,51.6,0.119145173658286,39,Mike Bales
regular_season,Marc-Andre.Fleury,20142015,2015-02-01,647,45.0,-1.58341594499463,40,Mike Bales
regular_season,Marc-Andre.Fleury,20142015,2015-02-04,648,54.8,1.48956031946025,41,Mike Bales
regular_season,Marc-Andre.Fleury,20142015,2015-02-06,649,45.9,1.88422030791666,42,Mike Bales
regular_season,Marc-Andre.Fleury,20142015,2015-02-11,650,55.5,1.93793467679979,43,Mike Bales
regular_season,Marc-Andre.Fleury,20142015,2015-02-15,651,50.5,1.23179260712994,44,Mike Bales
regular_season,Marc-Andre.Fleury,20142015,2015-02-17,652,44.1,3.01022681092854,45,Mike Bales
regular_season,Marc-Andre.Fleury,20142015,2015-02-19,653,46.1,1.08923668555506,46,Mike Bales
regular_season,Marc-Andre.Fleury,20142015,2015-02-22,654,48.1,2.01526656700781,47,Mike Bales
regular_season,Marc-Andre.Fleury,20142015,2015-02-25,655,37.1,-1.19986479808425,48,Mike Bales
regular_season,Marc-Andre.Fleury,20142015,2015-03-01,656,41.4,1.04243078724351,49,Mike Bales
regular_season,Marc-Andre.Fleury,20142015,2015-03-04,657,50.7,-0.754912688402467,50,Mike Bales
regular_season,Marc-Andre.Fleury,20142015,2015-03-07,658,45.7,3.22969796154855,51,Mike Bales
regular_season,Marc-Andre.Fleury,20142015,2015-03-09,659,45.8,1.04046715620004,52,Mike Bales
regular_season,Marc-Andre.Fleury,20142015,2015-03-12,660,47.4,0.564711696092583,53,Mike Bales
regular_season,Marc-Andre.Fleury,20142015,2015-03-15,661,22.5,-3.85147355924383,54,Mike Bales
regular_season,Marc-Andre.Fleury,20142015,2015-03-19,662,42.7,-0.263553103624319,55,Mike Bales
regular_season,Marc-Andre.Fleury,20142015,2015-03-21,663,42.7,2.9757220910308,56,Mike Bales
regular_season,Marc-Andre.Fleury,20142015,2015-03-24,664,52.2,1.05161251793121,57,Mike Bales
regular_season,Marc-Andre.Fleury,20142015,2015-03-26,665,48.6,-2.85526984727117,58,Mike Bales
regular_season,Marc-Andre.Fleury,20142015,2015-03-29,666,50.3,0.513530876615937,59,Mike Bales
regular_season,Marc-Andre.Fleury,20142015,2015-04-01,667,43.8,-1.69564733824881,60,Mike Bales
regular_season,Marc-Andre.Fleury,20142015,2015-04-04,668,46.7,-2.60471031431388,61,Mike Bales
regular_season,Marc-Andre.Fleury,20142015,2015-04-07,669,47.2,2.43798248009384,62,Mike Bales
regular_season,Marc-Andre.Fleury,20142015,2015-04-10,670,51.6,-0.415204480989886,63,Mike Bales
regular_season,Marc-Andre.Fleury,20142015,2015-04-11,671,55.1,1.74733316885835,64,Mike Bales
playoff_game,Marc-Andre.Fleury,20142015,2015-04-16,672,48.9,1.87930297794893,65,Mike Bales
playoff_game,Marc-Andre.Fleury,20142015,2015-04-18,673,38.0,-0.3640192358684,66,Mike Bales
playoff_game,Marc-Andre.Fleury,20142015,2015-04-20,674,47.1,-0.540311022972786,67,Mike Bales
playoff_game,Marc-Andre.Fleury,20142015,2015-04-22,675,51.4,-0.432965246440825,68,Mike Bales
playoff_game,Marc-Andre.Fleury,20142015,2015-04-24,676,60.5,1.39022971492709,69,Mike Bales
regular_season,Marc-Andre.Fleury,20152016,2015-10-08,677,45.8,0.638935681437911,1,Mike Bales
regular_season,Marc-Andre.Fleury,20152016,2015-10-10,678,38.9,0.331394098547658,2,Mike Bales
regular_season,Marc-Andre.Fleury,20152016,2015-10-13,679,53.5,0.38185159712707,3,Mike Bales
regular_season,Marc-Andre.Fleury,20152016,2015-10-15,680,48.9,2.13608583245282,4,Mike Bales
regular_season,Marc-Andre.Fleury,20152016,2015-10-17,681,43.8,0.300117987320553,5,Mike Bales
regular_season,Marc-Andre.Fleury,20152016,2015-10-20,682,52.8,0.27088136024024,6,Mike Bales
regular_season,Marc-Andre.Fleury,20152016,2015-10-22,683,47.4,-1.68027562852749,7,Mike Bales
regular_season,Marc-Andre.Fleury,20152016,2015-10-24,684,44.1,3.48999944582606,8,Mike Bales
regular_season,Marc-Andre.Fleury,20152016,2015-10-28,685,46.7,3.33374520457179,9,Mike Bales
regular_season,Marc-Andre.Fleury,20152016,2015-10-31,686,43.4,1.02979775044567,10,Mike Bales
regular_season,Marc-Andre.Fleury,20152016,2015-11-04,687,40.4,1.49904385150159,11,Mike Bales
regular_season,Marc-Andre.Fleury,20152016,2015-11-07,688,50.0,-1.65766962066675,12,Mike Bales
regular_season,Marc-Andre.Fleury,20152016,2015-11-11,689,46.8,0.550005898720329,13,Mike Bales
regular_season,Marc-Andre.Fleury,20152016,2015-11-13,690,40.1,1.53250598987724,14,Mike Bales
regular_season,Marc-Andre.Fleury,20152016,2015-11-17,691,40.3,0.892187362614789,15,Mike Bales
regular_season,Marc-Andre.Fleury,20152016,2015-11-19,692,40.6,0.835294971383534,16,Mike Bales
regular_season,Marc-Andre.Fleury,20152016,2015-11-21,693,38.6,-2.03325638701856,17,Mike Bales
regular_season,Marc-Andre.Fleury,20152016,2015-11-25,694,51.5,0.703908212260364,18,Mike Bales
regular_season,Marc-Andre.Fleury,20152016,2015-11-27,695,44.3,2.23226736302469,19,Mike Bales
regular_season,Marc-Andre.Fleury,20152016,2015-12-01,696,48.3,2.76856835805469,20,Mike Bales
regular_season,Marc-Andre.Fleury,20152016,2015-12-05,697,50.8,0.0912937164682885,21,Mike Bales
regular_season,Marc-Andre.Fleury,20152016,2015-12-06,698,52.6,1.08438010362964,22,Mike Bales
regular_season,Marc-Andre.Fleury,20152016,2015-12-09,699,45.5,-1.91196604404349,23,Mike Bales
regular_season,Marc-Andre.Fleury,20152016,2015-12-11,700,50.0,1.87310076299586,24,Mike Bales
regular_season,Marc-Andre.Fleury,20152016,2015-12-14,701,49.4,-1.29235654192305,25,Mike Bales
regular_season,Marc-Andre.Fleury,20152016,2016-01-02,702,53.1,1.23886585312878,26,Mike Bales
regular_season,Marc-Andre.Fleury,20152016,2016-01-05,703,55.4,0.327381740743672,27,Mike Bales
regular_season,Marc-Andre.Fleury,20152016,2016-01-06,704,47.3,1.76943130883012,28,Mike Bales
regular_season,Marc-Andre.Fleury,20152016,2016-01-09,705,46.1,1.04573101875495,29,Mike Bales
regular_season,Marc-Andre.Fleury,20152016,2016-01-12,706,52.1,-1.34319097443584,30,Mike Bales
regular_season,Marc-Andre.Fleury,20152016,2016-01-15,707,46.0,-0.0571925990506921,31,Mike Bales
regular_season,Marc-Andre.Fleury,20152016,2016-01-17,708,45.7,1.53625545073918,32,Mike Bales
regular_season,Marc-Andre.Fleury,20152016,2016-01-21,709,45.3,2.27357850901505,33,Mike Bales
regular_season,Marc-Andre.Fleury,20152016,2016-01-23,710,47.8,-0.337129183016843,34,Mike Bales
regular_season,Marc-Andre.Fleury,20152016,2016-01-26,711,49.0,2.25675758841952,35,Mike Bales
regular_season,Marc-Andre.Fleury,20152016,2016-02-02,712,47.2,-2.41265838244976,36,Mike Bales
regular_season,Marc-Andre.Fleury,20152016,2016-02-05,713,24.9,-2.65645932335714,37,Mike Bales
regular_season,Marc-Andre.Fleury,20152016,2016-02-08,714,53.5,1.49831422030701,38,Mike Bales
regular_season,Marc-Andre.Fleury,20152016,2016-02-10,715,54.0,-0.760352861527689,39,Mike Bales
regular_season,Marc-Andre.Fleury,20152016,2016-02-12,716,52.7,1.70416154766192,40,Mike Bales
regular_season,Marc-Andre.Fleury,20152016,2016-02-15,717,50.3,0.953444589079699,41,Mike Bales
regular_season,Marc-Andre.Fleury,20152016,2016-02-18,718,54.8,0.266398869319661,42,Mike Bales
regular_season,Marc-Andre.Fleury,20152016,2016-02-21,719,48.8,2.68645476828266,43,Mike Bales
regular_season,Marc-Andre.Fleury,20152016,2016-02-24,720,57.9,-1.75955723335989,44,Mike Bales
regular_season,Marc-Andre.Fleury,20152016,2016-02-27,721,55.6,2.85295314387342,45,Mike Bales
regular_season,Marc-Andre.Fleury,20152016,2016-02-29,722,44.7,2.39546881898861,46,Mike Bales
regular_season,Marc-Andre.Fleury,20152016,2016-03-03,723,52.2,1.13181165375716,47,Mike Bales
regular_season,Marc-Andre.Fleury,20152016,2016-03-05,724,48.6,-2.70495993914913,48,Mike Bales
regular_season,Marc-Andre.Fleury,20152016,2016-03-08,725,47.0,2.19166848313019,49,Mike Bales
regular_season,Marc-Andre.Fleury,20152016,2016-03-11,726,47.0,-0.84217556436589,50,Mike Bales
regular_season,Marc-Andre.Fleury,20152016,2016-03-13,727,46.4,-0.372244459574344,51,Mike Bales
regular_season,Marc-Andre.Fleury,20152016,2016-03-15,728,46.5,1.9949875233037,52,Mike Bales
regular_season,Marc-Andre.Fleury,20152016,2016-03-19,729,47.7,-0.258976344571509,53,Mike Bales
regular_season,Marc-Andre.Fleury,20152016,2016-03-20,730,42.2,-0.957288164383821,54,Mike Bales
regular_season,Marc-Andre.Fleury,20152016,2016-03-24,731,46.2,-0.152841310567683,55,Mike Bales
regular_season,Marc-Andre.Fleury,20152016,2016-03-26,732,45.7,0.466721654139943,56,Mike Bales
regular_season,Marc-Andre.Fleury,20152016,2016-03-27,733,54.5,-0.495384500572858,57,Mike Bales
regular_season,Marc-Andre.Fleury,20152016,2016-03-31,734,46.3,-0.904413899228847,58,Mike Bales
